{
  "canvas": {
    "width_mm": 300.0,
    "height_mm": 210.0,
    "beta_mm": 2.0,
    "bleed_mm": 0.0
  },
  "placements": [
    {
      "photo_idx": 1,
      "photo_path": "test_photos/group2/test3.jpg",
      "x_mm": 100.66666666666667,
      "y_mm": 0.0,
      "width_mm": 199.33333333333334,
      "height_mm": 199.33333333333334
    },
    {
      "photo_idx": 0,
      "photo_path": "test_photos/group1/test.jpg",
      "x_mm": 0.0,
      "y_mm": 0.0,
      "width_mm": 98.66666666666667,
      "height_mm": 98.66666666666667
    },
    {
      "photo_idx": 2,
      "photo_path": "test_photos/group2/test2.jpg",
      "x_mm": 0.0,
      "y_mm": 100.66666666666667,
      "width_mm": 98.66666666666667,
      "height_mm": 98.66666666666667
    }
  ]
}