{
  "canvas": {
    "width_mm": 200.0,
    "height_mm": 400.0,
    "beta_mm": 2.0,
    "bleed_mm": 0.0
  },
  "placements": [
    {
      "photo_idx": 2,
      "photo_path": "test_photos/group2/test2.jpg",
      "x_mm": 0.0,
      "y_mm": 267.99999999999994,
      "width_mm": 131.99999999999997,
      "height_mm": 131.99999999999997
    },
    {
      "photo_idx": 0,
      "photo_path": "test_photos/group1/test.jpg",
      "x_mm": 0.0,
      "y_mm": 0.0,
      "width_mm": 131.99999999999997,
      "height_mm": 131.99999999999997
    },
    {
      "photo_idx": 1,
      "photo_path": "test_photos/group2/test3.jpg",
      "x_mm": 0.0,
      "y_mm": 133.99999999999997,
      "width_mm": 131.99999999999997,
      "height_mm": 131.99999999999997
    }
  ]
}